,text,label
0,"""Investing In a Larger Down Payment: High Yields and No Risk"" is the title for ""Consumers looking to purchase a home within the near future face many decisions, including how large a down payment to make. The down payment is the sale price (confirmed by a appraisal) less the loan amount. In most cases, home purchasers must have financial assets at least as large as the down payment they make."".Generate a headline for the following article: Your loans were made at the height of the housing bubble, and looked like a great deal at the time. By using a HELOC as a ""piggyback"" second mortgage, you were not required to make a down payment or to purchase mortgage insurance.",The Pre-Crisis HELOC Chickens Are Coming Home to Roost
1,"""Some Recent Letters on Downsizing and Mortgage Lender Mistakes"" is the title for ""In pricing loans used to purchase a home, lenders distinguish three possible uses of the property. Mortgages used to purchase a house that the purchasers intend to occupy as their primary residence get the best price."".Generate a headline for the following article: Homeowners sell their homes and buy other homes for a variety of reasons including a need to live closer to a place of employment, to be closer to family, to enjoy a better climate, or simply to upgrade. This article is about finding the best sequence of steps in the process.",Selling a House to Buy a House
2,"""Why and How to Eliminate Mortgage Charges by Third Parties"" is the title for ""Third-party settlement costs could be eliminated by implementation of one simple rule: any service required by lenders as a condition for the granting of a home mortgage must be purchased and paid for by the lender."".Generate a headline for the following article: The tontine is an investment scheme where each of a group of participants pays a specified sum into a fund and receives a pro rata share of the income generated by the fund, but when a participant dies their share is divided among those remaining. As the number of participants dwindles, those remaining receive increasingly large distributions.",The Tontine: A 17th Century Solution to a 21st Century Problem
3,"""National Park Views Not To Be Missed (PHOTOS)"" is the title for ""America's national parks offer some of the most gorgeous scenery in the country, from Yellowstone to Florida. Here are some of our favorite views."".Generate a headline for the following article: Late spring and early summer bring prime weather for outdoor exploration, but these international national parks drop jaws year-round -- no Instagram filters needed.",The 5 Best National Parks In The World
4,"""Can You Recognize Your City From Above?"" is the title for ""Some of the best city views happen above the city. Click through for your own sky-high tour of the world..."".Generate a headline for the following article: The virtue of the infinity pool, besides the uninterrupted views of course, it the sense of privilege that comes from possessing your own private horizon.",7 Incredible Infinity Pools (PHOTOS)
5,"""Escape Route: Hotels With Secret Entrances and Exits"" is the title for ""If you've got the means and the desire, you can find several hotels around the country that offer stealth access for VIPs. Here are five of the coolest."".Generate a headline for the following article: After rounding up the best coastal drives in the U.S., Australia, and Ireland, you responded with your favorite ocean roads around the globe.",The World's Most Beautiful Coastal Drives
6,"""Ken Jennings, Jeopardy! Champ, Discovers A Nameless Town"" is the title for ""Because the ""Name"" field on the form had been left blank, the form was stamped ""Nameless,"" and the name stuck."".Generate a headline for the following article: In 2008, a Russian newspaper and TV channel held a massive competition to name the official ""Seven Wonders of Russia."" Topping the list was a place that few international tourists visit due to its remote location: the ""Blue Eye of Siberia,"" the ""Sacred Sea,"" sickle-shaped Lake Baikal.",This Gorgeous Lake Holds 1/5 of the Earth's Freshwater
7,"""Top 10 Small Cruise Ships In The World"" is the title for ""Condé Nast Traveler readers voted in our 2012 Cruise Poll and here are the results: the best small ships in the world."".Generate a headline for the following article: Every year in our annual Readers' Choice Awards, we ask our fellow travelers to rate the world's best hotels, islands, airlines, and cruise lines. Just in time for getting your mind off of fall, we present the best islands in the world.",The Best Islands in the World
8,"""Why Does It Take So Long to Get Through Airport Security?"" is the title for ""Although the TSA is set to expand its popular PreCheck fast lanes this fall, the agency is under pressure to speed up screening for even more fliers, so all aspects of the checkpoint experience are being scrutinized."".Generate a headline for the following article: 3. Val d'Isère, France What's cool: Though some bemoan this mega resort for being crowded, pricey, and even a bit gauche",The 5 Best Ski Resorts In Europe
9,"""For Your Daydreaming Pleasure: 7 Spas With Unbelievable Views"" is the title for ""All of these spa hotels and resorts are highly rated by our readers -- and all offer transporting natural surroundings to make your stay feel like a true escape."".Generate a headline for the following article: Private island dining, Michelin-starred meals, breakfast with elephants -- it's all on offer at these top-rated hotels from our 2013 Gold List.",World's Best Hotels For Food Lovers (PHOTOS)
10,"""Hotel Suites Good Enough For The President (PHOTOS)"" is the title for ""The commander-in-chief checks in and out of rooms across the globe, but only a few stateside properties have made the White House staff repeat customers -- check out these 13 hotels fit for a president."".Generate a headline for the following article: The entire list of 154 properties spans the globe, from a tiny one-suite find in Chiang Mai to a luxe safari camp in Tanzania",Best New Hotels Of 2013
11,"""10 Places to Skip During Spring Break, and Where to Go Instead"" is the title for ""Some of the world's most gorgeous beach destinations are taken hostage by crowds of rowdy college students in the delightful ritual known as Spring Break."".Generate a headline for the following article: One of the most famous landmarks on the Oregon coast is Haystack Rock, forever known as Goonies Rock, thanks to its appearance at the end of the 1981 kidventure flick The Goonies.",The 5 Best Coastal Drives In The World
12,"""Top 10 Small Cruise Ships In The World"" is the title for ""Condé Nast Traveler readers voted in our 2012 Cruise Poll and here are the results: the best small ships in the world."".Generate a headline for the following article: Beach season is officially here, and though there are many amazing shorelines to explore, our readers are partial to island beaches.",The 10 Best Island Beaches Around The World
13,"""Escape Route: Hotels With Secret Entrances and Exits"" is the title for ""If you've got the means and the desire, you can find several hotels around the country that offer stealth access for VIPs. Here are five of the coolest."".Generate a headline for the following article: Poor cigarette smokers. As nonsmoking spaces become the norm in the U.S. and around the world, it must be hard for them to find hotel rooms where they're allowed to light up.",Is the 'Smoketel' the Strangest Travel Idea Yet?
14,"""Visiting Famous Authors' Homes (PHOTOS)"" is the title for ""Authors' homes are their castles, offices and -- more often than not -- places of pilgrimage for their fans."".Generate a headline for the following article: Frozen treats are way more than just chocolate and vanilla in these far-flung countries.",Crazy Ice Cream Flavors From Around The World
15,"""How to Eat Healthy Around the World (Bone Broth, Anyone?)"" is the title for ""Almost every culture incorporates restorative foods into its cuisine as much for their delicious flavors as for their beneficial nutrients. Treat yourself to the best of both worlds."".Generate a headline for the following article: Pastry chefs like Dominique Ansel, François Payard and Andrea Litvin spend their days crafting up delicious sweets for the world to enjoy. But what are their favorite desserts? We find out.",Pastry Chefs Reveal Their Favorite Desserts Around the World
16,"""Hotel Suites Good Enough For The President (PHOTOS)"" is the title for ""The commander-in-chief checks in and out of rooms across the globe, but only a few stateside properties have made the White House staff repeat customers -- check out these 13 hotels fit for a president."".Generate a headline for the following article: Name recognition is the only thing you'll sacrifice if you swap out the usual tourist attractions for these lesser-known spots.",Great Alternatives To Common Tourist Traps
17,"""Rooftop Bars With Unbeatable Views (PHOTOS)"" is the title for ""We dig a hotel with a gorgeous view, so it's no surprise we can't stop staring at the photos of these rooftop bars, all atop Condé Nast Traveler-approved properties."".Generate a headline for the following article: We dig a hotel with a gorgeous view, so it's no surprise we can't stop staring at the photos of these 14 rooftop bars.",Rooftop Hotel Bars With Incredible Views
18,"""The Best New Bars of 2013"" is the title for ""No matter where you're hitting the town -- from New York to Shanghai -- these bars, clubs, and cocktail establishments will have you at the center of the city's nightlife scene."".Generate a headline for the following article: No matter where you choose, book any of these yoga retreats and you'll come back feeling zen, tan, and uh, bendy.","The Only Yoga Retreats Worth Visiting, According to Expert Yogis"
19,"""The Nervous Flier's Guide To Mid-Air Bumps And Glitches"" is the title for ""Despite the reassurance that you're more likely to win the lottery or be struck by lightning than end up in an aircraft accident, you still can't brush off all nervousness when it's time to board and news headlines of tech glitches and turbulence don't help the cause. Here, we explain a few bumps that may cause flying anxiety."".Generate a headline for the following article: You can't be a slave to the fashionistas when you're a slave to the overhead storage bin. My system may not be stylish, but it has stood the test of hundreds of thousands of air miles. Here is the unvarnished truth about what my wheelie looks like when you open it.",It Is Possible! How to Fit Everything You Need into One Carry-On
20,"""World's Most Obscure Flags Explained (PHOTOS)"" is the title for ""Let me take you on a guided tour of the 10 weirdest national flags to be found around the world."".Generate a headline for the following article: These hikes  may be the loveliest in the world. Go for a walk.",7 Great Hikes Around The World (PHOTOS)
21,"""How To Take Better Travel Photos"" is the title for ""Unhappy with your vacation snapshots? We tapped photographer Craig Easton for his best travel photo tips. Here, Easton shares his best advice for taking the best travel photos, whether you want to Instagram them or not."".Generate a headline for the following article: Airbnb CEO and cofounder Brian Chesky was in our office this morning talking about his company's plans for the future. While he mentioned many interesting things, the most fascinating was his list of the unexpected ways people use Airbnb.",5 Surprising Ways People Are Using Airbnb
22,"""Escape Route: Hotels With Secret Entrances and Exits"" is the title for ""If you've got the means and the desire, you can find several hotels around the country that offer stealth access for VIPs. Here are five of the coolest."".Generate a headline for the following article: Sure, cats and dogs are fun hotel pets, but so are the penguins, wolves and giraffes that call these resorts around the world home.",9 Animals You Wouldn't Expect To See In A Hotel (PHOTOS)
23,"""How to Eat Healthy Around the World (Bone Broth, Anyone?)"" is the title for ""Almost every culture incorporates restorative foods into its cuisine as much for their delicious flavors as for their beneficial nutrients. Treat yourself to the best of both worlds."".Generate a headline for the following article: Of the 981 properties included on UNESCO's World Heritage List, some 44 are categorized as in-danger, for reasons ranging from political instability to irresponsible tourism.",Incredible UNESCO Sites You May Never See Again
24,"""Fourth Of July: Amazing State Capitol Buildings (PHOTOS)"" is the title for ""State capitals may be hotbeds of partisan madness, but they are also the hubs around which local economies, cultures and sentiments spin."".Generate a headline for the following article: Carry-on restrictions and baggage fees be damned: Our readers love to shop on vacation, and they know where to do it. Nearly",The Best U.S. Cities for Shopping
25,"""The Norwegian Town Whose Name Is One Letter Long"" is the title for ""Manufacturing the world's longest town name sure put the village of Llanfairpwllgwyngyllgogerychwyrndrobwllllantysiliogogogoch, Wales on the map--if there are any maps that actually have room for a 58-letter town."".Generate a headline for the following article: There are a lot of advertisements out there for the Sochi Olympics right now, but these vintage travel posters are the ones we prefer.",Awesome and Artful Vintage Olympic Posters
26,"""Best Road Trips: Iconic American Drives Worth the Gas Money"" is the title for ""With the price of gas trending downward, there's no better time to jump in the car, put the top down, and head out for a drive. Here, we have 10 itineraries for some of the country's most classic road trips."".Generate a headline for the following article: When we head into the great outdoors, we generally want an equally great indoors waiting for us. Also some hot chocolate.",Winter-Proof Log Cabins For A Snowstorm Getaway (PHOTOS)
27,"""The Hottest Places To Honeymoon In 2012 (PHOTOS)"" is the title for ""Unlike some travelers who wouldn't be caught dead at last year's ""it"" resort, honeymooners tend to be a less fickle bunch. Still, every year has its buzzy honeymoon spots, and 2012 is no exception."".Generate a headline for the following article: 4. EAST, Miami, FL Proof that Miami has more to offer than beaches and buzzy clubs — the city’s biggest opening last year",Best New Hotels In The U.S. And Canada
28,"""How to Eat Healthy Around the World (Bone Broth, Anyone?)"" is the title for ""Almost every culture incorporates restorative foods into its cuisine as much for their delicious flavors as for their beneficial nutrients. Treat yourself to the best of both worlds."".Generate a headline for the following article: Authors' homes are their castles, offices and -- more often than not -- places of pilgrimage for their fans.",Visiting Famous Authors' Homes (PHOTOS)
29,"""7 Great Hikes Around The World (PHOTOS)"" is the title for ""These hikes  may be the loveliest in the world. Go for a walk."".Generate a headline for the following article: State capitals may be hotbeds of partisan madness, but they are also the hubs around which local economies, cultures and sentiments spin.",Fourth Of July: Amazing State Capitol Buildings (PHOTOS)
30,"""Beach Vacations With More Than Just Sand and Surf"" is the title for ""Because sand and surf aren't always enough, here are a ton of beach resorts that offer no-fail, keep-everyone-happy activities for a perfect beach vacation -- and then some."".Generate a headline for the following article: All of these spa hotels and resorts are highly rated by our readers -- and all offer transporting natural surroundings to make your stay feel like a true escape.",For Your Daydreaming Pleasure: 7 Spas With Unbelievable Views
31,"""The World's Weirdest Hotels"" is the title for ""From hotels shaped like donuts to capsules jutting from the edge of a cliff, these are the world's most weird and wonderful accommodations."".Generate a headline for the following article: From $40,000 suites with remote-controlled toilets, to 6,000-square-foot duplexes that are ""price upon request,"" these are the most expensive suites at Las Vegas' top hotels.",Vegas' Mind-Blowingly Expensive Hotel Suites
32,"""Like Food Trucks For Shopping: 11 Mobile Stores To Visit (PHOTOS)"" is the title for ""The phrase ""truck shop"" does not conjure images of sartorial grandeur. But call it the next iteration of the food cart phenomenon, and we bet you're intrigued."".Generate a headline for the following article: Loo, john, latrine, oval office, outhouse, W.C., throne room -- whatever you call it, it's a place we all have to visit sometime, no matter where we are in the world. But while the experience is universal, the way we label the space varies greatly.",Strange and Funny Bathroom Signs From Around the World
33,"""The Best New Bars of 2013"" is the title for ""No matter where you're hitting the town -- from New York to Shanghai -- these bars, clubs, and cocktail establishments will have you at the center of the city's nightlife scene."".Generate a headline for the following article: ""The Midwest -- American beer's ancestral seats -- finally stealing the spotlight back from the craft brew-sodden coasts.""","America's Best Beer Cities, As Chosen By Beer Experts"
34,"""Can You Recognize Your City From Above?"" is the title for ""Some of the best city views happen above the city. Click through for your own sky-high tour of the world..."".Generate a headline for the following article: Texas native Stephen Orr takes the road less traveled on a drive through the Lone Star State's wild western borderlands.",An Incredible Road Trip Through West Texas
35,"""12 Sochi Olympics Facts to Impress Your Friends"" is the title for ""The Olympics is now an out-of-this-world occurrence, too. For the first time, the Olympic torch has traveled out of the Earth's orbit, onto the International Space Station, and into the vacuum of space. (Unlit, of course.)"".Generate a headline for the following article: Nothing gets us more excited for summer than the prospect of an epic road trip: wind whipping through open car windows, highways flanked by stunning landscapes. Luckily, this is an easy reality in the U.S., thanks to an abundance of amazing national parks.",5 Spectacular National Park Road Trips You Need On Your Bucket List
36,"""The World's Weirdest Hotels"" is the title for ""From hotels shaped like donuts to capsules jutting from the edge of a cliff, these are the world's most weird and wonderful accommodations."".Generate a headline for the following article: From small and scrappy vessels to big barges, boats of all stripes have inspired unique accommodations.",The World's Coolest Boat Hotels (PHOTOS)
37,"""How to Live in Paradise for Less Than $1,500 a Month"" is the title for ""First off, there is a HUGE difference between being on vacation and living abroad. That image you have of sitting around on a beach chair all day with a coconut drink in your hand at a luxurious resort?"".Generate a headline for the following article: It's amazing what you pack when you have three minutes to fit your whole life in a bag. I grabbed my laptop, my passport, five t-shirts, flip flops, a swim suit, my external hard drive and my puppy. What was I forgetting? Underwear? Optional.",Dispatch: The Costa Rica Earthquake Felt In Nicaragua
38,"""Dispatch: The Costa Rica Earthquake Felt In Nicaragua"" is the title for ""It's amazing what you pack when you have three minutes to fit your whole life in a bag. I grabbed my laptop, my passport, five t-shirts, flip flops, a swim suit, my external hard drive and my puppy. What was I forgetting? Underwear? Optional."".Generate a headline for the following article: First off, there is a HUGE difference between being on vacation and living abroad. That image you have of sitting around on a beach chair all day with a coconut drink in your hand at a luxurious resort?","How to Live in Paradise for Less Than $1,500 a Month"
39,"""Walking the Tightrope of Life"" is the title for ""We all struggle to make proper use of our time and abilities. We want to be as successful, as helpful and as accomplished as possible. But we simply cannot do everything. For us to make proper choices, we much root ourselves in positive values and establish clear, rooted guidelines that govern our choices and actions."".Generate a headline for the following article: We all wish to be happy. We seek material bounty, fulfilling relationships, peace and a connection with nature. But we know that there's another, deeper aspect to happiness, one that scientists cannot measure. It is the fulfillment of our calling and mission, giving us the deep satisfaction that our time here on earth was most fulfilling, for us and those who we impacted.",In Pursuit of True Happiness
40,"""Are You a Great Listener?"" is the title for ""To succeed in today's business world, leaders must be proactive, skilled listeners. Leaders who make themselves accessible for conversation and listen regularly are well informed of the goings on in their workplaces."".Generate a headline for the following article: In taking these steps, leaders demonstrate a genuine interest in and respect for their people and their new environment. While this may not fully assuage the fears of those who worry about their new boss and her agenda, it should help put the majority of folks at ease as they settle into their new reality.",Quell the Fear Factor
41,"""Woman Wins Fake Contest and Receives an Underwater Scuba Diving Proposal [VIDEO]"" is the title for ""Zahra could have never known that when she entered a contest on Travel Blog California, she was about to win the best prize of her life."".Generate a headline for the following article: My client's concerns included finding a ""gay-friendly"" proposal venue and making sure that the crowds would be accepting of her and her partner showing affection. I was suddenly aware of the fact that I take my ability to just be with my husband in the open for granted.",Same-Sex Marriage Proposal Tips
42,"""Same-Sex Marriage Proposal Tips"" is the title for ""My client's concerns included finding a ""gay-friendly"" proposal venue and making sure that the crowds would be accepting of her and her partner showing affection. I was suddenly aware of the fact that I take my ability to just be with my husband in the open for granted."".Generate a headline for the following article: Zahra could have never known that when she entered a contest on Travel Blog California, she was about to win the best prize of her life.",Woman Wins Fake Contest and Receives an Underwater Scuba Diving Proposal [VIDEO]
43,"""Will The European Debt Crisis Affect Me?"" is the title for ""The effect the European debt crisis will have is a matter of degrees and exposure. It's hard to discern how these unfortunate events will affect us and what actions we should take. In other words, what do we have control over and when are we just being reactive?"".Generate a headline for the following article: You own part of the company (aka a share in the company). The price of that share can fluctuate given what people think the company is worth (or will be worth) and what they are willing to pay for a share.",Investing for Beginners: Basic Investment Terminology
44,"""Will The European Debt Crisis Affect Me?"" is the title for ""The effect the European debt crisis will have is a matter of degrees and exposure. It's hard to discern how these unfortunate events will affect us and what actions we should take. In other words, what do we have control over and when are we just being reactive?"".Generate a headline for the following article: For those of us that are newbies to the personal finance world with no time to do adequate research, we probably have more than a few blind spots, and a professional eye can really help.",Do I Need a Financial Planner?
45,"""The Highs And Lows Of Buying Legalized Marijuana"" is the title for ""Recently, I had my attitude checked in a marijuana dispensary. You read that right: a weed shop. If you know me personally, and are judging me right now, save it 'til the end; you may be checking your attitude too. If you don't know me, then read on, but this may be checkmate."".Generate a headline for the following article: When life throws you a 100 mph curve ball, that hits you in the face ... and then another, and another, there are lots of things you can do. If you're a child, set on survival, you block it out and move on.",Reclaiming My Dad On Father's Day
46,"""How I Became That Middle-Aged Woman Who Uses Baby Talk With Her Dogs"" is the title for ""So maybe the dogs have moved up in my affections. Maybe I spend a little more time pampering them than I used to. Perhaps they fill a hole, now that I'm not needed as a mother, the way I was for the past 24 years."".Generate a headline for the following article: My 24-year-old daughter lives in Jerusalem. It's not a large city, so anything that happens in Jerusalem, is too close for comfort in this mother's eyes. I am not a staunch pro-Israel supporter, as many expect I might be. However, this was wrong on all levels. This is black and white for me: this was terrorism.",The Jerusalem Synagogue Attack: Let's Talk Truth
47,"""Divorced, But Dating Your Ex"" is the title for ""Sometimes it's reasonable and appropriate to get back with your ex. It doesn't happen often, but in some cases it can end up being positive. However, you have to make sure that you're getting back together for the right reasons."".Generate a headline for the following article: With Thanksgiving right around the corner, it's time to start thinking about what you're thankful for this year.",Thankfully No Ex At Your Thanksgiving Dinner
48,"""Make Divorce Settlement Not War"" is the title for ""While settling a divorce that quickly in Hollywood -- or anywhere for that matter -- would normally be a ""mission impossible,"" Holmes and Cruise did it in record time."".Generate a headline for the following article: Over the years, there has a spike in the divorce rate among people ""of a certain age.""",Divorced After Decades
49,"""Thankfully No Ex At Your Thanksgiving Dinner"" is the title for ""With Thanksgiving right around the corner, it's time to start thinking about what you're thankful for this year."".Generate a headline for the following article: If you got divorced in 2012, it's time to kick off the New Year with a new you.",Thirteen Divorce Resolutions for 2013
50,"""Ritualize Your Divorce"" is the title for ""During my first year post divorce, I tried to come up with a ritual to cover every painful moment. Time flew by quickly as I did the rituals and, in the end, I had a better understanding of myself."".Generate a headline for the following article: When I look back on my starter marriage, I realize how important it was; it helped shape me into the better wife that I am today in my second marriage.",A Starter Marriage
51,"""How My Daughter’s Love Of Princesses Helps Us Connect Despite Her Special Needs"" is the title for ""From my earliest memory, I have had a deep passion for all things pink, sparkly and shiny. But I was born to parents who"".Generate a headline for the following article: Today I was struggling to figure out what to write, and I fell back on a typical strategy: I begged my kids for suggestions",How My Special Needs Daughter Told Me She Loves Me
52,"""The 'Some Days' When You're a Special Needs Family"" is the title for ""Will the boys resent the time and energy their sister required? What will they have to deal with when my husband and I are no longer here? Who will take care of Lizzy when we can't do it ourselves?"".Generate a headline for the following article: The other day I was in the middle of my morning routine of packing snacks, reminding people to wear underwear and ordering them to brush their teeth when I happened to see it, my special needs daughter's red take home folder.",My Child Can't be Defined By A Parent Intake Form
53,"""My Child Can't be Defined By A Parent Intake Form"" is the title for ""The other day I was in the middle of my morning routine of packing snacks, reminding people to wear underwear and ordering them to brush their teeth when I happened to see it, my special needs daughter's red take home folder."".Generate a headline for the following article: Will the boys resent the time and energy their sister required? What will they have to deal with when my husband and I are no longer here? Who will take care of Lizzy when we can't do it ourselves?",The 'Some Days' When You're a Special Needs Family
54,"""The Parenting Lesson I Learned From My Youngest Child"" is the title for ""Our youngest child has always had a talent for building things out of just about anything he can get his hands on. Blocks"".Generate a headline for the following article: After being a mother for 18 years, 12 as the mother of three, there are some things about raising children that I just know",Things I Know For Sure About Raising Children After 18 Years Of Motherhood
55,"""Why We Love: Our Brains on the Greatest Drug of All"" is the title for ""One of the most prevalent and least understood of human emotions, love has intrigued poets, philosophers, scientists, artists, and historians alike for centuries. At this point we know more than ever about the chemistry of attachment and the psychology of affection."".Generate a headline for the following article: If you're going to try colonic treatments, take precautions against the various risks associated with colonics and do everything to make sure you get the most out of the experience.",5 Tips for a Successful Colonic Treatment
56,"""Teenage Yogis: Fostering Peace in the Face of Rising Violence"" is the title for ""Even more impressive than the power of yoga in this story is the fierce resiliency of these teens' spirits. Perhaps yoga and meditation awaken something in the human spirit that was always there, but which we lose sight of or neglect."".Generate a headline for the following article: As it turns out, we have more of a say in the strength and resilience of our brains than we may have thought. Here are three myths to dispel before we can harness the power of our ""super brains.""",3 Myths to Dispel About the Brain
57,"""Why We Love: Our Brains on the Greatest Drug of All"" is the title for ""One of the most prevalent and least understood of human emotions, love has intrigued poets, philosophers, scientists, artists, and historians alike for centuries. At this point we know more than ever about the chemistry of attachment and the psychology of affection."".Generate a headline for the following article: Even more impressive than the power of yoga in this story is the fierce resiliency of these teens' spirits. Perhaps yoga and meditation awaken something in the human spirit that was always there, but which we lose sight of or neglect.",Teenage Yogis: Fostering Peace in the Face of Rising Violence
58,"""Post-Divorce Parenting:  How to Be a Smarter Mom, Not a Martyr Mom"" is the title for ""So, you got a divorce and now you have a raging case of parental guilt. You want to make up for the hell your kids have endured, but you're smart enough to know that buying them things is not the right way to go about it."".Generate a headline for the following article: Why do we put kids through these exercises? If we want them to develop the courage to push past fear, can't we do that in a way that doesn't require them to override other instincts we need them to respect in order to keep them safe until their brains fully develop?",Low Regard For High Ropes: Why I Don't Want My Kid Roped Into This Common Camp Activity
59,"""Taking One for the Team: Why My Valentine's Day Is Going to Totally Suck (and Yet I'm Okay With That)"" is the title for ""Valentine's Day is at the tippy top of your list of least favorite holidays right now--and that's saying something, because this year that's one crowded list. To compound the problem, hating Valentine's Day makes you feel like a bad person."".Generate a headline for the following article: Slut shaming is telling your daughter that twerking is bad because that will make people think she's a dirty girl and ruin her chances of catching a good husband. Parenting is telling your daughter that twerking is bad because it conveys an absence of self-respect and dignity.",Twerking as a Teaching Tool: How to Tell the Difference Between Slut Shaming and Parenting
60,"""Parenting: The Ultimate Joke Killer (Why I Can't Laugh at Manti Te'o)"" is the title for ""The problem is this: Whenever I see someone young enough to be my kid in a difficult situation, I tend to imagine my own kid in the same spot."".Generate a headline for the following article: This month I'm celebrating my fifth anniversary. In more traditional circles, the theme for a fifth wedding anniversary is wood. But since I'm celebrating the anniversary of my divorce, I think a more appropriate theme for me is ""would,"" as in what I wish I would have known back in 2007.","Pearls of Wisdom: The Perfect ""Annivorceary"" Gift"
61,"""Why Criticism of Gabby Douglas Should Serve as a Wake Up Call to Hibernating Mama Grizzlies Everywhere"" is the title for ""When young women who step up are ridiculed for things that have nothing to do with the subject at hand -- things that are as irrelevant as their hair and clothes -- it sends a chilling message to girls everywhere about the perils of putting oneself out there."".Generate a headline for the following article: Because many women have been raised to think ""catching a man"" is their top objective, women often approach dating as a prolonged marketing campaign. By spending your time trying to sell, you forget to consider whether you're interested in buying.",The Post-Divorce Dating Game: Tips to Make Your First Couple of Dates Fun Rather than Dysfunctional
62,"""O, Come All ye Newly Single Parents: How to Get Through the Holidays Without Singing The Blues"" is the title for ""In the immediate wake of a divorce, it's hard enough to just get through each day. The extra pressure to conjure up a warm and fuzzy holiday season for your kids is enough to turn even the fairest of us all into a wicked witch."".Generate a headline for the following article: I have developed the following survival plan to get you through even the most severe case of kid-sickness.",Summer Camp Survival Guide: How to Survive Your Kid's Stint at Summer Camp Without Ending Up in the Funny Farm
63,"""100 Percent Mid-Century, Zero Percent Modern: Phyllis Schlafly's Not-So-Secret Formula For Keeping Women Disempowered"" is the title for ""Recently, Phyllis Schlafly emerged from her 1950s time capsule with both hot glue guns blazing. She took aim at the issue of income inequality and the proposed legislation to address the problem."".Generate a headline for the following article: ""We won't let them down,"" O'Brien promised. ""We're already in negotiations with the folks at Justice, the clothing store",#Unbelievable: Mattel and 'Sports Illustrated' Team Up to Tackle Untapped Markets
64,"""In the Market for a New Year's Resolution? Check Out This Sales Pitch for Permanently Giving Up Christmas Shopping"" is the title for ""The problem isn't with Christmas itself -- it's actually my favorite holiday.  The trouble is each year there is a bigger gap between what I want to do to celebrate Christmas and what I end up doing instead."".Generate a headline for the following article: The problem is this: Whenever I see someone young enough to be my kid in a difficult situation, I tend to imagine my own kid in the same spot.",Parenting: The Ultimate Joke Killer (Why I Can't Laugh at Manti Te'o)
65,"""Plug Into Your Lower Self!"" is the title for ""Of course most of us have a vague understanding that for our own safety, when it comes to dealing with high-voltage situations, it is critical to ""ground"" the electricity.   The primary purpose of this is, in fact, to reduce the risk of serious electric shock."".Generate a headline for the following article: It's my mother's birthday this week, and I have been spending a lot of time thinking fondly of her.  But I know that I am fortunate to have had a great relationship with my mom.  For many of us, let's just acknowledge that this relationship can be a bit more... complicated.",Are You My My Mother?
66,"""Welcome to the Fall Term in the School of Hard Knocks"" is the title for ""Actively taking moments throughout the day to cultivate a more accurate, full perspective on your day might help you to see the flowers that are blooming, even in the rain!"".Generate a headline for the following article: When you feel broken, the heart is actually more alive than ever.  And in these moments -- in this moment, as painful as it is -- we have the opportunity to lose our minds so that we can come to our senses.",Broken Hearts and Sensible Starts
67,"""Awareness Brings Its Own Reward$"" is the title for ""In our home we call it the Money Game because the better we play that game, the more money seems to come our way.  You may laugh, but we've been doing it for over 30 years, and it's paid off big time."".Generate a headline for the following article: Other than letting go of our reasons why it's not possible, there is nothing more useful we can do to make this a great year. Doing so is the heart of your personal transformation.",Why Can't You Have Your Best Year Yet?
68,"""Awareness Brings Its Own Reward$"" is the title for ""In our home we call it the Money Game because the better we play that game, the more money seems to come our way.  You may laugh, but we've been doing it for over 30 years, and it's paid off big time."".Generate a headline for the following article: Money is abundant and flows spontaneously in life. Money allows me to express myself fully and contribute generously. What's",Money: Power of Your Attitude
69,"""Personal Transformation:  What's Wrong With You?"" is the title for ""There is absolutely nothing wrong with you. There's nothing to fix.  You don't need to get better or become different.  You're fine, just as you are. You know all you need to know, and you have all the answers. And you can overcome the obstacles in your way."".Generate a headline for the following article: Living life in fast forward mode means that truly important things don't happen. They get lost in the shuffle.  So, what's missing for you? You know the answer better than anyone.",It's Not About the To Do List
70,"""3 Paths to Lasting Well-Being"" is the title for ""Creating lasting well-being requires shattering those habitual tendencies that lead to stress, frustration and heartbreak.   Here are three paths I've been working on for years, and while I'm many miles from mastery, the more I practice, the more peace and happiness I find."".Generate a headline for the following article: I've discovered six paths that lead to well-being -- some work instantaneously and some generate a much more lasting result.  This week, I'll focus on the ones that work instantly.",3 Paths to Instant Well-Being
71,"""Bill Paxton Learns of His Revolutionary Past On 'Who Do You Think You Are?'"" is the title for ""Actor Bill Paxton is featured this Sunday (April 19 at 10/9c on TLC) on Who Do You Think You Are? and digs into the paternal half of his family tree. He begins by solving a long-standing mystery by determining that he is indeed related to Texan hero Sam Houston."".Generate a headline for the following article: Sean explores his paternal ancestry focusing on his Hayes line, and that leads him via Chicago and Dublin back to Ballylongford in County Kerry. What will he learn there? Check out this exclusive video provided by TLC  to get a taste:",EXCLUSIVE VIDEO: Sean Hayes Discovers Family's Criminal Past
72,"""American Idol: What They Wore, 5/2/12 (Top 5)"" is the title for ""On Wednesday's performance night, the #Idols took on the '60s and British-imported songs. Scroll down for all the fashion goodness!"".Generate a headline for the following article: For Wednesday's performance night the theme was ""California Dreaming/Songs I Wish I'd Written."" From the #Idols we heard James Brown, CCR, Journey and more, and saw plenty of #fun fashion!","American Idol: What They Wore, 5/9/12 (Top 4)"
73,"""American Idol: What They Wore, 4/25/12 (Top 6)"" is the title for ""For performances Wednesday night, the Idols took on a Queen song and another song of their choice. So that meant a total of 12 fabulous fashion looks! Here is the low-down on what the Top 6 men and ladies wore."".Generate a headline for the following article: I love working with artists that know what they like because you can really explore other options within the same vein of style. Finding the perfect jacket, pants, shoes, and shirts is always a #FUN challenge with Phillip.","American Idol: What They Wore, 5/16/12 (Final 3)"
74,"""6 Budget Destinations Where You Can Stretch Your Travel Dollar"" is the title for ""If you're yearning to get away from it all but don't want to break the bank in the process, these six budget destinations come through with incredible deals and plenty of sun-dappled relaxation."".Generate a headline for the following article: Whether you're in town visiting and want to mix it up a bit, or you're a resident and want to get away from it all, start packing and hit the road!",The Best Road Trips From Los Angeles (PHOTOS)
75,"""Our 12 Favorite Hotel Bars For After-Work Drinks (PHOTOS)"" is the title for ""Hotel bars are often a convenient spot for a nightcap or a quick after-work drink (anything to take the edge off!) while"".Generate a headline for the following article: On the menus: vanilla-dipped brioche French toast, a milk chocolate nest, seafood bars and more.",The Top 10 Easter Brunches In The U.S.
76,"""Exploring Paris On A Budget (PHOTOS)"" is the title for ""Paris may be the art and fashion capital of the world -- known for its over-the-top luxury properties and bohemian boutiques -- but most people can't afford a stay at the iconic Hotel Plaza Athenee."".Generate a headline for the following article: Summer is (unofficially) here, and tons of travelers will be heading coast to coast to visit some of the most iconic city",Cross Country Must-Sees Throughout America (PHOTOS)
77,"""The Best Road Trips From Phoenix (PHOTOS)"" is the title for ""With a host of museums and galleries, top-notch Tex-Mex cuisine and cactus-dotted landscape, Arizona's state capital is one of the most unique metropolises in the country. Here's what to see nearby once you've explored all that Phoenix has to offer."".Generate a headline for the following article: One of Space City's greatest assets is its close proximity to some of the other most unique and cultured cities.","The Best Road Trips From Houston, TX (PHOTOS)"
78,"""London For Every Traveler (PHOTOS)"" is the title for ""It may have a stormy reputation, but like most of the greats, this city's best qualities lie in its history, culture and activities -- and it's certainly not a destination you want to miss!"".Generate a headline for the following article: Ancient ruins stand alongside Renaissance palazzos and buzzing cafes, and the works of art that can be viewed in the city's museums and churches are enough to make any culture lover drool.",Discover Rome: What To Do And Where To Stay (PHOTOS)
79,"""Five Ways To Stay In Cancun (PHOTOS)"" is the title for ""We've found just the spot to stay for almost every kind of traveler, so whether you plan on bringing the kids along or hope to have a romantic getaway, Oyster has a hotel for you."".Generate a headline for the following article: We've found just the spot to stay for almost every kind of traveler, so whether you're planning a romantic getaway or want to take the kids along, Oyster has a hotel for you.",5 Ways To Stay In Jamaica (PHOTOS)
80,"""Bachelor And Bachelorette Parties: 6 Popular Destinations Explored"" is the title for ""We bring you six of the most popular destinations for bachelor and bachelorette parties. But instead of limiting you to the traditional activities, we also offer alternative options for those looking for something a little different."".Generate a headline for the following article: Are you traveling with the guys and looking for some female company?",5 Hotels For Pick-Up Artists (PHOTOS)
81,"""Go Green: 8 Eco-Friendly Stays In Belize (PHOTOS)"" is the title for ""Belize is best known for its lush rain forests, Mayan ruins and gorgeous barrier reef -- one of the world's best sites for snorkeling and scuba diving. Here's a look at some of our favorite eco-friendly stays in the country."".Generate a headline for the following article: Both offer gorgeous architecture and a boat load of culture, but where one gets top marks for an eco-friendly attitude and a hipster vibe, the other is renowned for its beaches and bold attitude.",Melbourne Vs. Sydney: Which Australian City Is Right For You? (PHOTOS)
82,"""Beachfront Luxury: 15 Decadent Hotels on the Sand (PHOTOS)"" is the title for ""Who doesn't love a beach vacation? The sun, the sand, and the ocean all come together to make for a relaxing getaway that"".Generate a headline for the following article: Sometimes spa treatments tip over the edge of relaxing and enter the realm of the downright strange.",The World's Craziest Spa Services
83,"""Oyster.com's Guide To Nude Hotels (PHOTOS)"" is the title for ""When a reader wrote in looking for an unbuttoned getaway, we had some nude vacation answers."".Generate a headline for the following article: When we travel, we like to let loose -- after all, isn't a vacation all about leisure?",6 Hotels For Party Animals (VIDEO)
84,"""5 Unusual (But Awesome) Honeymoon Vacations (PHOTOS)"" is the title for ""If you and your significant other identify more with the less-than-traditional set of newlyweds, why not jet off to some exotic, unexpected locale instead?"".Generate a headline for the following article: Couples getaways can be great. Unfortunately, they normally involve having your significant other along.",5 Hotels With Distracting Amenities (PHOTOS)
85,"""Hotels That Hosted Celebrity Meltdowns (PHOTOS)"" is the title for ""Trashed suites, accosted employees, terrified hookers -- plenty of celebrities have left quite a wake behind them in some of the ritziest hotels in the country."".Generate a headline for the following article: If you want to drop a beat, or just pick up the vibes left behind by some of your favorite musicians, check out these rock-ready hotels.",Trash Your Room At These Rock And Roll Hotels (PHOTOS)
86,"""Hawaii For Every Traveler (PHOTOS)"" is the title for ""Whether you're on a budget or you're looking for luxury, Oyster has found just the spot to stay for almost every kind of traveler -- and has the perfect Hawaii hotel for you."".Generate a headline for the following article: From the tip of Maine to the Florida Keys, America's Eastern region is a diverse area filled with just about every type of terrain an active traveler could want: mountains, marshes, lakes, cliffs, forests and so much more.",Getting Outdoors In The East (PHOTOS)
87,"""5 Gorgeous Places To Get Back In Touch With Nature"" is the title for ""Check out our favorite unplugged havens and pick the best one for you. Then it's time to lose the cell -- at least for a weekend."".Generate a headline for the following article: We're pretty excited about all the beef stew and Bailey's we plan on imbibing this weekend.",5 Irish Pubs For Celebrating St. Patrick's Day (PHOTOS)
88,"""Oyster Half Dozen: The Best Value Hotels (VIDEO)"" is the title for ""We may talk a lot about luxury hotels, but we're suckers for a good deal."".Generate a headline for the following article: I soon realized my error: He wasn't a police officer, but a full-blown pimp about to shake down a John.","Exposing The Kew Motor Inn, A Sex Hotel (PHOTOS)"
89,"""Hotel Homes: 9 Historic Castles, Mansions, and Estates Where You Can Stay"" is the title for ""Ever dreamed of being king or queen of a castle? Lord or lady of the manor? Well, you're not the only one -- and plenty of hotels around the world can make that dream come true."".Generate a headline for the following article: Legend has it that when Dom Perignon first discovered champagne, he called out, ""Come quickly, I am tasting the stars!"" It's hard to disagree with the Frenchman -- a cool glass of bubbly can make even the most stoic person let loose a giggle or a smirk.",Toast 2013 All Year Long At These 7 Sophisticated Champagne Lounges (PHOTOS)
90,"""The Bitter End Yacht Club Offers An Old-School Caribbean Stay"" is the title for ""The assumption here is that travelers know how to handle both the a schooner and their rum."".Generate a headline for the following article: Few people know how to take it easy better than South Carolinians.",5 Great Spots To Chill Out In South Carolina (PHOTOS)
91,"""The Best Places To Watch NYC's July 4 Fireworks Show (PHOTOS)"" is the title for ""At this point in the summer, every city in the U.S. is gearing up to the July 4 celebrations with plans for parades, fireworks, performances and street fairs. But few can match what New York has up its sleeve this year to mark Independence Day."".Generate a headline for the following article: Alas, 2012 has come and gone, and we can't help but get a little nostalgic. After all, it was a great year -- especially in the hotel industry. But what really rocked our world this past year were the numerous (and we mean numerous) celebrity scandals that went down behind closed hotel doors.",The Biggest Celebrity Hotel Scandals Of 2012 (PHOTOS)
92,"""12 Hotel Fitness Centers With Killer Views (PHOTOS)"" is the title for ""Some hotels go above and beyond to provide an appealing space for travelers to work out, with large windows overlooking the city, the mountains, even the beach!"".Generate a headline for the following article: Some hotels aren't interested in catering to the baby-toting crowd and we're totally alright with that.",5 Amazing Adults-Only Retreats (PHOTOS)
93,"""Romantic Honeymoon Hotels around the World (PHOTOS)"" is the title for ""Honeymoons must be two things: romantic and memorable. Any old trip to the beach is simply not going to suffice for a couple's post-nuptial getaway."".Generate a headline for the following article: Deciding on a destination for an upcoming trip is never easy. While the beach and mountains may beckon, cities are a great",12 Best Urban Rooftop Pools
94,"""Melbourne Vs. Sydney: Which Australian City Is Right For You? (PHOTOS)"" is the title for ""Both offer gorgeous architecture and a boat load of culture, but where one gets top marks for an eco-friendly attitude and a hipster vibe, the other is renowned for its beaches and bold attitude."".Generate a headline for the following article: Dubbed the ""City of Brotherly Love,"" Philadelphia is famous for its rich revolution-era history, its architecture and its truly fanatic sports fans.",The Best Road Trips From Philadelphia (PHOTOS)
95,"""The Most Beautiful Views In Florence (PHOTOS)"" is the title for ""We've seen plenty of beautiful sights on our travels, and we've taken in some of the most breathtaking views we've ever seen in Florence, a city characterized by red rooftops, cobblestone streets and distant rolling hills."".Generate a headline for the following article: These fantasies can very easily become a reality, with an outdoor space and a little elbow grease. We've seen a lot of beautiful gardens on our travels, and so we took what we learned to come up these 10 helpful gardening tips.",Secret Gardens: 10 Ways to Transform Your Sanctuary for Summer
96,"""5 Hotel Health Risks You Didn't Know About"" is the title for ""Let's face it: Traveling can bring out the inner germaphobe in even the most adventurous of us."".Generate a headline for the following article: Many hotels have on-site bars, even if they're merely situated in the glorified outskirts of the lobby, where guests can",The 12 Trendiest Hotel Bars Across the U.S. (PHOTOS)
97,"""Our 12 Favorite Hotel Bars For After-Work Drinks (PHOTOS)"" is the title for ""Hotel bars are often a convenient spot for a nightcap or a quick after-work drink (anything to take the edge off!) while"".Generate a headline for the following article: We have a special spot in our heart for hipster travelers. They, like us, have high standards when it comes to choosing a hotel. They'll often gravitate toward spots that are uber-trendy, quirky, or extremely green.",These Hotels Are Sooo Not Mainstream: 7 Top Hipster Havens
98,"""Where America's Old Money Stays and Plays (PHOTOS)"" is the title for ""Want to live like a Rockefeller on your next vacation? Want a voyeuristic peek into the world of the rich and powerful? These"".Generate a headline for the following article: Those same bunny hills and black diamonds turn into fun hiking trails and mountain bike circuits when the snow melts, and the dining and drinking is taken outdoors, bringing a lively atmosphere to long, sunny summer days.",Exploring Whistler: What To Do And Where To Stay (PHOTOS)
99,"""Sticker Shock: 12 Crazy Expensive Hotel Suites (PHOTOS)"" is the title for ""Shelling out thousands of dollars a night for a hotel room may not be in the cards for most of us, but that doesn't mean"".Generate a headline for the following article: Being one of the northernmost capitals in Europe gets you a reputation as a cold place, but that doesn't mean Stockholm doesn't offer myriad activities and during the warm summer months.",Discover Stockholm: What to Do and Where to Stay (PHOTOS)
100,"""5 Ways To Stay In Jamaica (PHOTOS)"" is the title for ""We've found just the spot to stay for almost every kind of traveler, so whether you're planning a romantic getaway or want to take the kids along, Oyster has a hotel for you."".Generate a headline for the following article: We've done some digging into Disney's digs and have found the resorts that'll best suit all types of Disney-bound fanatics. Whether you're planning a girls' getaway or a family vacation, Disney World can be just the spot to relax, reconnect -- and most importantly -- have the time of your life.",Picking The Perfect Disney Resort For You (PHOTOS)
